<?xml version="1.0" encoding="ISO-8859-15"?>
<uc-export clientvers="11.2.0+build.7957">
<DOCU name="PCK.AUTOMIC_JAVA_PROPERTIES.PUB.DOC">
<HEADER state="1">
<Title/>
<ArchiveKey1/>
<ArchiveKey2/>
<OH_SubType/>
</HEADER>
<DOCU_Docu state="1" type="text">
<DOC><![CDATA[Contains actions to manipulate variables in a Java .properties file.

=Supported versions=

See http://docs.automic.com/compatibility?len=Package.Java.Properties&comp=PCK.AUTOMIC_JAVA_PROPERTIES&version=1.1.1
]]></DOC>
</DOCU_Docu>
</DOCU>
</uc-export>