<?xml version="1.0" encoding="ISO-8859-15"?>
<uc-export clientvers="11.2.0-dev+main.build.2327">
<DOCU name="PCK.AUTOMIC_CA_SV.PUB.DOC">
<HEADER state="1">
<Title>Package documentation</Title>
<ArchiveKey1/>
<ArchiveKey2/>
<OH_SubType/>
</HEADER>
<DOCU_Docu state="1" type="text">
<DOC><![CDATA[About Automic's CA SV Package
================================
CA Service Virtualization Accelerate application delivery, continuously improve quality and reduce time-to-market. With this package we automate the following:
* Manage Virtual Service. E.g. Start/Stop/Deploy/Redeploy/Delete
* Run Test Case/Test Suite and Model Archive
* Compare Test Results


=Supported CA SV versions=
CA SV Version 10.0

=Setup=
* Oracle JRE 1.7 or higher must be installed on Agent OS and "java" must be set as executable on the same.
* The Agent should be able to access CA SV rest api endpoint URL in order to make HTTP requests.
* Modify the HTTP timeout parameters as per your environment. By default "CONNECTION_TIMEOUT" is defined as 30000 and "READ_TIMEOUT" is defined as 60000. Both are defined in milliseconds. 0 means no timeout.

=Variables=
PCK.AUTOMIC_CA_SV.PUB.VARA.PACKAGE_PARAMETERS
* Connection timeout and read timeout parameter can be configured in this variable. Value is defined in milliseconds. 0 means no timeout.

=Actions=
Following actions are supported for CA SV.

* Action Name: PCK.AUTOMIC_CA_SV.PUB.ACTION.START_VIRTUAL_SERVICE 
* Action Description: This action starts the specified Virtual Service.

* Action Name: PCK.AUTOMIC_CA_SV.PUB.ACTION.STOP_VIRTUAL_SERVICE  
* Action Description: This action stops the specified Virtual Service.

* Action Name: PCK.AUTOMIC_CA_SV.PUB.ACTION.DELETE_VIRTUAL_SERVICE  
* Action Description: This action deletes the specified Virtual Service.

* Action Name: PCK.AUTOMIC_CA_SV.PUB.ACTION.DEPLOY_VIRTUAL_SERVICE  
* Action Description: This action deploy's the Virtual Service over VS Environment using MAR File or MAR URI. 

* Action Name: PCK.AUTOMIC_CA_SV.PUB.ACTION.REDEPLOY_VIRTUAL_SERVICE  
* Action Description: This action redeploy's the Virtual Service over VS Environment using MAR File or MAR URI.

* Action Name: PCK.AUTOMIC_CA_SV.PUB.ACTION.RUN_TEST
* Action Description: This action runs test from the specified test file.

* Action Name: PCK.AUTOMIC_CA_SV.PUB.ACTION.RUN_TEST_SUITE
* Action Description: This action runs test from the specified Suite.

* Action Name: PCK.AUTOMIC_CA_SV.PUB.ACTION.RUN_MODEL_ARCHIVE
* Action Description: This action runs test from the specified Mar or Mari file.

* Action Name: PCK.AUTOMIC_CA_SV.PUB.ACTION.COMPARE_TEST_RESULTS
* Action Description: This action compares two test results specified in XML format.]]></DOC>
</DOCU_Docu>
</DOCU>
</uc-export>